File Name,Class 1,Class 2
test.bedpe.chr16..norm_SQRTVC.obsOverExp_SQRTVCexpected.bedpe.gz.split.w0.npy,1,1
test.bedpe.chr16..norm_SQRTVC.obsOverExp_SQRTVCexpected.bedpe.gz.split.w1000000.npy,3,6
test.bedpe.chr16..norm_SQRTVC.obsOverExp_SQRTVCexpected.bedpe.gz.split.w10000000.npy,5,3
test.bedpe.chr16..norm_SQRTVC.obsOverExp_SQRTVCexpected.bedpe.gz.split.w11000000.npy,6,3
test.bedpe.chr16..norm_SQRTVC.obsOverExp_SQRTVCexpected.bedpe.gz.split.w12000000.npy,3,3
test.bedpe.chr16..norm_SQRTVC.obsOverExp_SQRTVCexpected.bedpe.gz.split.w13000000.npy,3,6
test.bedpe.chr16..norm_SQRTVC.obsOverExp_SQRTVCexpected.bedpe.gz.split.w14000000.npy,1,1
test.bedpe.chr16..norm_SQRTVC.obsOverExp_SQRTVCexpected.bedpe.gz.split.w15000000.npy,1,1
test.bedpe.chr16..norm_SQRTVC.obsOverExp_SQRTVCexpected.bedpe.gz.split.w16000000.npy,1,1
test.bedpe.chr16..norm_SQRTVC.obsOverExp_SQRTVCexpected.bedpe.gz.split.w17000000.npy,3,3
test.bedpe.chr16..norm_SQRTVC.obsOverExp_SQRTVCexpected.bedpe.gz.split.w18000000.npy,1,1
test.bedpe.chr16..norm_SQRTVC.obsOverExp_SQRTVCexpected.bedpe.gz.split.w19000000.npy,5,3
test.bedpe.chr16..norm_SQRTVC.obsOverExp_SQRTVCexpected.bedpe.gz.split.w2000000.npy,1,1
test.bedpe.chr16..norm_SQRTVC.obsOverExp_SQRTVCexpected.bedpe.gz.split.w20000000.npy,3,3
test.bedpe.chr16..norm_SQRTVC.obsOverExp_SQRTVCexpected.bedpe.gz.split.w21000000.npy,1,1
test.bedpe.chr16..norm_SQRTVC.obsOverExp_SQRTVCexpected.bedpe.gz.split.w22000000.npy,1,1
test.bedpe.chr16..norm_SQRTVC.obsOverExp_SQRTVCexpected.bedpe.gz.split.w23000000.npy,6,2
test.bedpe.chr16..norm_SQRTVC.obsOverExp_SQRTVCexpected.bedpe.gz.split.w24000000.npy,3,3
test.bedpe.chr16..norm_SQRTVC.obsOverExp_SQRTVCexpected.bedpe.gz.split.w25000000.npy,3,5
test.bedpe.chr16..norm_SQRTVC.obsOverExp_SQRTVCexpected.bedpe.gz.split.w26000000.npy,2,6
test.bedpe.chr16..norm_SQRTVC.obsOverExp_SQRTVCexpected.bedpe.gz.split.w27000000.npy,4,3
test.bedpe.chr16..norm_SQRTVC.obsOverExp_SQRTVCexpected.bedpe.gz.split.w28000000.npy,1,1
test.bedpe.chr16..norm_SQRTVC.obsOverExp_SQRTVCexpected.bedpe.gz.split.w29000000.npy,1,1
test.bedpe.chr16..norm_SQRTVC.obsOverExp_SQRTVCexpected.bedpe.gz.split.w3000000.npy,3,3
test.bedpe.chr16..norm_SQRTVC.obsOverExp_SQRTVCexpected.bedpe.gz.split.w30000000.npy,1,1
test.bedpe.chr16..norm_SQRTVC.obsOverExp_SQRTVCexpected.bedpe.gz.split.w31000000.npy,4,3
test.bedpe.chr16..norm_SQRTVC.obsOverExp_SQRTVCexpected.bedpe.gz.split.w32000000.npy,1,1
test.bedpe.chr16..norm_SQRTVC.obsOverExp_SQRTVCexpected.bedpe.gz.split.w33000000.npy,1,1
test.bedpe.chr16..norm_SQRTVC.obsOverExp_SQRTVCexpected.bedpe.gz.split.w34000000.npy,1,1
test.bedpe.chr16..norm_SQRTVC.obsOverExp_SQRTVCexpected.bedpe.gz.split.w35000000.npy,1,1
test.bedpe.chr16..norm_SQRTVC.obsOverExp_SQRTVCexpected.bedpe.gz.split.w4000000.npy,3,3
test.bedpe.chr16..norm_SQRTVC.obsOverExp_SQRTVCexpected.bedpe.gz.split.w46000000.npy,1,1
test.bedpe.chr16..norm_SQRTVC.obsOverExp_SQRTVCexpected.bedpe.gz.split.w47000000.npy,3,3
test.bedpe.chr16..norm_SQRTVC.obsOverExp_SQRTVCexpected.bedpe.gz.split.w48000000.npy,5,3
test.bedpe.chr16..norm_SQRTVC.obsOverExp_SQRTVCexpected.bedpe.gz.split.w49000000.npy,3,3
test.bedpe.chr16..norm_SQRTVC.obsOverExp_SQRTVCexpected.bedpe.gz.split.w5000000.npy,3,2
test.bedpe.chr16..norm_SQRTVC.obsOverExp_SQRTVCexpected.bedpe.gz.split.w50000000.npy,5,3
test.bedpe.chr16..norm_SQRTVC.obsOverExp_SQRTVCexpected.bedpe.gz.split.w51000000.npy,2,6
test.bedpe.chr16..norm_SQRTVC.obsOverExp_SQRTVCexpected.bedpe.gz.split.w52000000.npy,2,6
test.bedpe.chr16..norm_SQRTVC.obsOverExp_SQRTVCexpected.bedpe.gz.split.w53000000.npy,3,3
test.bedpe.chr16..norm_SQRTVC.obsOverExp_SQRTVCexpected.bedpe.gz.split.w54000000.npy,2,6
test.bedpe.chr16..norm_SQRTVC.obsOverExp_SQRTVCexpected.bedpe.gz.split.w55000000.npy,6,4
test.bedpe.chr16..norm_SQRTVC.obsOverExp_SQRTVCexpected.bedpe.gz.split.w56000000.npy,3,5
test.bedpe.chr16..norm_SQRTVC.obsOverExp_SQRTVCexpected.bedpe.gz.split.w57000000.npy,4,5
test.bedpe.chr16..norm_SQRTVC.obsOverExp_SQRTVCexpected.bedpe.gz.split.w58000000.npy,4,5
test.bedpe.chr16..norm_SQRTVC.obsOverExp_SQRTVCexpected.bedpe.gz.split.w59000000.npy,2,6
test.bedpe.chr16..norm_SQRTVC.obsOverExp_SQRTVCexpected.bedpe.gz.split.w6000000.npy,2,6
test.bedpe.chr16..norm_SQRTVC.obsOverExp_SQRTVCexpected.bedpe.gz.split.w60000000.npy,2,4
test.bedpe.chr16..norm_SQRTVC.obsOverExp_SQRTVCexpected.bedpe.gz.split.w61000000.npy,2,4
test.bedpe.chr16..norm_SQRTVC.obsOverExp_SQRTVCexpected.bedpe.gz.split.w62000000.npy,3,6
test.bedpe.chr16..norm_SQRTVC.obsOverExp_SQRTVCexpected.bedpe.gz.split.w63000000.npy,2,4
test.bedpe.chr16..norm_SQRTVC.obsOverExp_SQRTVCexpected.bedpe.gz.split.w64000000.npy,2,6
test.bedpe.chr16..norm_SQRTVC.obsOverExp_SQRTVCexpected.bedpe.gz.split.w65000000.npy,3,6
test.bedpe.chr16..norm_SQRTVC.obsOverExp_SQRTVCexpected.bedpe.gz.split.w66000000.npy,5,5
test.bedpe.chr16..norm_SQRTVC.obsOverExp_SQRTVCexpected.bedpe.gz.split.w67000000.npy,5,3
test.bedpe.chr16..norm_SQRTVC.obsOverExp_SQRTVCexpected.bedpe.gz.split.w68000000.npy,5,5
test.bedpe.chr16..norm_SQRTVC.obsOverExp_SQRTVCexpected.bedpe.gz.split.w69000000.npy,5,3
test.bedpe.chr16..norm_SQRTVC.obsOverExp_SQRTVCexpected.bedpe.gz.split.w7000000.npy,2,4
test.bedpe.chr16..norm_SQRTVC.obsOverExp_SQRTVCexpected.bedpe.gz.split.w70000000.npy,1,1
test.bedpe.chr16..norm_SQRTVC.obsOverExp_SQRTVCexpected.bedpe.gz.split.w71000000.npy,1,1
test.bedpe.chr16..norm_SQRTVC.obsOverExp_SQRTVCexpected.bedpe.gz.split.w72000000.npy,3,3
test.bedpe.chr16..norm_SQRTVC.obsOverExp_SQRTVCexpected.bedpe.gz.split.w73000000.npy,2,6
test.bedpe.chr16..norm_SQRTVC.obsOverExp_SQRTVCexpected.bedpe.gz.split.w74000000.npy,4,5
test.bedpe.chr16..norm_SQRTVC.obsOverExp_SQRTVCexpected.bedpe.gz.split.w75000000.npy,6,3
test.bedpe.chr16..norm_SQRTVC.obsOverExp_SQRTVCexpected.bedpe.gz.split.w76000000.npy,2,6
test.bedpe.chr16..norm_SQRTVC.obsOverExp_SQRTVCexpected.bedpe.gz.split.w77000000.npy,6,3
test.bedpe.chr16..norm_SQRTVC.obsOverExp_SQRTVCexpected.bedpe.gz.split.w78000000.npy,4,3
test.bedpe.chr16..norm_SQRTVC.obsOverExp_SQRTVCexpected.bedpe.gz.split.w79000000.npy,2,6
test.bedpe.chr16..norm_SQRTVC.obsOverExp_SQRTVCexpected.bedpe.gz.split.w8000000.npy,1,1
test.bedpe.chr16..norm_SQRTVC.obsOverExp_SQRTVCexpected.bedpe.gz.split.w80000000.npy,3,3
test.bedpe.chr16..norm_SQRTVC.obsOverExp_SQRTVCexpected.bedpe.gz.split.w81000000.npy,6,3
test.bedpe.chr16..norm_SQRTVC.obsOverExp_SQRTVCexpected.bedpe.gz.split.w82000000.npy,2,6
test.bedpe.chr16..norm_SQRTVC.obsOverExp_SQRTVCexpected.bedpe.gz.split.w83000000.npy,2,6
test.bedpe.chr16..norm_SQRTVC.obsOverExp_SQRTVCexpected.bedpe.gz.split.w84000000.npy,4,3
test.bedpe.chr16..norm_SQRTVC.obsOverExp_SQRTVCexpected.bedpe.gz.split.w85000000.npy,3,6
test.bedpe.chr16..norm_SQRTVC.obsOverExp_SQRTVCexpected.bedpe.gz.split.w86000000.npy,6,3
test.bedpe.chr16..norm_SQRTVC.obsOverExp_SQRTVCexpected.bedpe.gz.split.w87000000.npy,3,3
test.bedpe.chr16..norm_SQRTVC.obsOverExp_SQRTVCexpected.bedpe.gz.split.w88000000.npy,1,1
test.bedpe.chr16..norm_SQRTVC.obsOverExp_SQRTVCexpected.bedpe.gz.split.w89000000.npy,5,3
test.bedpe.chr16..norm_SQRTVC.obsOverExp_SQRTVCexpected.bedpe.gz.split.w9000000.npy,3,5
test.bedpe.chr16..norm_SQRTVC.obsOverExp_SQRTVCexpected.bedpe.gz.split.w90000000.npy,1,1