File Name,Class 1,Class 2
test.bedpe.chr22..norm_SQRTVC.obsOverExp_SQRTVCexpected.bedpe.gz.split.w16000000.npy,1,1
test.bedpe.chr22..norm_SQRTVC.obsOverExp_SQRTVCexpected.bedpe.gz.split.w17000000.npy,1,1
test.bedpe.chr22..norm_SQRTVC.obsOverExp_SQRTVCexpected.bedpe.gz.split.w18000000.npy,1,1
test.bedpe.chr22..norm_SQRTVC.obsOverExp_SQRTVCexpected.bedpe.gz.split.w19000000.npy,5,3
test.bedpe.chr22..norm_SQRTVC.obsOverExp_SQRTVCexpected.bedpe.gz.split.w20000000.npy,1,1
test.bedpe.chr22..norm_SQRTVC.obsOverExp_SQRTVCexpected.bedpe.gz.split.w21000000.npy,1,1
test.bedpe.chr22..norm_SQRTVC.obsOverExp_SQRTVCexpected.bedpe.gz.split.w22000000.npy,4,3
test.bedpe.chr22..norm_SQRTVC.obsOverExp_SQRTVCexpected.bedpe.gz.split.w23000000.npy,5,3
test.bedpe.chr22..norm_SQRTVC.obsOverExp_SQRTVCexpected.bedpe.gz.split.w24000000.npy,5,6
test.bedpe.chr22..norm_SQRTVC.obsOverExp_SQRTVCexpected.bedpe.gz.split.w25000000.npy,1,1
test.bedpe.chr22..norm_SQRTVC.obsOverExp_SQRTVCexpected.bedpe.gz.split.w26000000.npy,5,3
test.bedpe.chr22..norm_SQRTVC.obsOverExp_SQRTVCexpected.bedpe.gz.split.w27000000.npy,3,2
test.bedpe.chr22..norm_SQRTVC.obsOverExp_SQRTVCexpected.bedpe.gz.split.w28000000.npy,1,1
test.bedpe.chr22..norm_SQRTVC.obsOverExp_SQRTVCexpected.bedpe.gz.split.w29000000.npy,5,3
test.bedpe.chr22..norm_SQRTVC.obsOverExp_SQRTVCexpected.bedpe.gz.split.w30000000.npy,5,6
test.bedpe.chr22..norm_SQRTVC.obsOverExp_SQRTVCexpected.bedpe.gz.split.w31000000.npy,4,3
test.bedpe.chr22..norm_SQRTVC.obsOverExp_SQRTVCexpected.bedpe.gz.split.w32000000.npy,4,3
test.bedpe.chr22..norm_SQRTVC.obsOverExp_SQRTVCexpected.bedpe.gz.split.w33000000.npy,1,1
test.bedpe.chr22..norm_SQRTVC.obsOverExp_SQRTVCexpected.bedpe.gz.split.w34000000.npy,3,6
test.bedpe.chr22..norm_SQRTVC.obsOverExp_SQRTVCexpected.bedpe.gz.split.w35000000.npy,5,5
test.bedpe.chr22..norm_SQRTVC.obsOverExp_SQRTVCexpected.bedpe.gz.split.w36000000.npy,5,3
test.bedpe.chr22..norm_SQRTVC.obsOverExp_SQRTVCexpected.bedpe.gz.split.w37000000.npy,5,3
test.bedpe.chr22..norm_SQRTVC.obsOverExp_SQRTVCexpected.bedpe.gz.split.w38000000.npy,6,6
test.bedpe.chr22..norm_SQRTVC.obsOverExp_SQRTVCexpected.bedpe.gz.split.w39000000.npy,5,2
test.bedpe.chr22..norm_SQRTVC.obsOverExp_SQRTVCexpected.bedpe.gz.split.w40000000.npy,5,3
test.bedpe.chr22..norm_SQRTVC.obsOverExp_SQRTVCexpected.bedpe.gz.split.w41000000.npy,5,3
test.bedpe.chr22..norm_SQRTVC.obsOverExp_SQRTVCexpected.bedpe.gz.split.w42000000.npy,6,6
test.bedpe.chr22..norm_SQRTVC.obsOverExp_SQRTVCexpected.bedpe.gz.split.w43000000.npy,3,5
test.bedpe.chr22..norm_SQRTVC.obsOverExp_SQRTVCexpected.bedpe.gz.split.w44000000.npy,3,6
test.bedpe.chr22..norm_SQRTVC.obsOverExp_SQRTVCexpected.bedpe.gz.split.w45000000.npy,5,3
test.bedpe.chr22..norm_SQRTVC.obsOverExp_SQRTVCexpected.bedpe.gz.split.w46000000.npy,5,3
test.bedpe.chr22..norm_SQRTVC.obsOverExp_SQRTVCexpected.bedpe.gz.split.w47000000.npy,3,5
test.bedpe.chr22..norm_SQRTVC.obsOverExp_SQRTVCexpected.bedpe.gz.split.w48000000.npy,2,6
test.bedpe.chr22..norm_SQRTVC.obsOverExp_SQRTVCexpected.bedpe.gz.split.w49000000.npy,3,6
test.bedpe.chr22..norm_SQRTVC.obsOverExp_SQRTVCexpected.bedpe.gz.split.w50000000.npy,1,1
test.bedpe.chr22..norm_SQRTVC.obsOverExp_SQRTVCexpected.bedpe.gz.split.w51000000.npy,1,1